Customer Name,Total Orders,Total Quantity Purchased,Total Purchase Amount,Most Purchased Product
Priya Patel,7,14,84926.0,Mixer Grinder
Rohan Mehta,5,13,80142.0,Bookshelf
Ananya Reddy,4,11,37219.0,Denim Jacket
Divya Joshi,3,7,39473.0,Smartwatch
Sneha Iyer,5,16,53619.0,Denim Jacket
Ritu Agarwal,6,19,58991.0,Bookshelf
Neha Gupta,2,2,23293.0,Bookshelf
Arjun Nair,4,6,19449.0,Desk Organizer
Deepak Chopra,1,5,16490.0,Mixer Grinder
Sanjay Rao,3,6,57859.0,Mixer Grinder
Karan Malhotra,2,5,46355.0,Denim Jacket
Amit Kulkarni,3,4,29551.0,Smartwatch
Meera Pillai,1,1,584.0,Desk Organizer
Rahul Verma,3,8,9657.0,Power Bank
Pooja Desai,3,8,38567.0,Bookshelf
Kavya Menon,2,8,3522.0,Notebook Pack
Aarav Sharma,2,6,23769.0,Bookshelf
Manish Tiwari,2,7,18958.0,Bluetooth Headphones
Isha Kapoor,2,7,51988.0,Denim Jacket
